{"frames":{"blitz_turm_v2_0.png":{"frame":{"x":0,"y":0,"w":150,"h":150},"rotated":false,"trimmed":false,"spriteSourceSize":{"x":0,"y":0,"w":150,"h":150},"sourceSize":{"w":150,"h":150}},"blitz_turm_v2_1.png":{"frame":{"x":150,"y":0,"w":150,"h":150},"rotated":false,"trimmed":false,"spriteSourceSize":{"x":0,"y":0,"w":150,"h":150},"sourceSize":{"w":150,"h":150}},"blitz_turm_v2_2.png":{"frame":{"x":300,"y":0,"w":150,"h":150},"rotated":false,"trimmed":false,"spriteSourceSize":{"x":0,"y":0,"w":150,"h":150},"sourceSize":{"w":150,"h":150}},"blitz_turm_v2_3.png":{"frame":{"x":450,"y":0,"w":150,"h":150},"rotated":false,"trimmed":false,"spriteSourceSize":{"x":0,"y":0,"w":150,"h":150},"sourceSize":{"w":150,"h":150}},"blitz_turm_v2_4.png":{"frame":{"x":600,"y":0,"w":150,"h":150},"rotated":false,"trimmed":false,"spriteSourceSize":{"x":0,"y":0,"w":150,"h":150},"sourceSize":{"w":150,"h":150}},"blitz_turm_v2_5.png":{"frame":{"x":0,"y":150,"w":150,"h":150},"rotated":false,"trimmed":false,"spriteSourceSize":{"x":0,"y":0,"w":150,"h":150},"sourceSize":{"w":150,"h":150}},"blitz_turm_v2_6.png":{"frame":{"x":150,"y":150,"w":150,"h":150},"rotated":false,"trimmed":false,"spriteSourceSize":{"x":0,"y":0,"w":150,"h":150},"sourceSize":{"w":150,"h":150}},"blitz_turm_v2_7.png":{"frame":{"x":300,"y":150,"w":150,"h":150},"rotated":false,"trimmed":false,"spriteSourceSize":{"x":0,"y":0,"w":150,"h":150},"sourceSize":{"w":150,"h":150}},"blitz_turm_v2_8.png":{"frame":{"x":450,"y":150,"w":150,"h":150},"rotated":false,"trimmed":false,"spriteSourceSize":{"x":0,"y":0,"w":150,"h":150},"sourceSize":{"w":150,"h":150}},"blitz_turm_v2_9.png":{"frame":{"x":600,"y":150,"w":150,"h":150},"rotated":false,"trimmed":false,"spriteSourceSize":{"x":0,"y":0,"w":150,"h":150},"sourceSize":{"w":150,"h":150}},"blitz_turm_v2_10.png":{"frame":{"x":0,"y":300,"w":150,"h":150},"rotated":false,"trimmed":false,"spriteSourceSize":{"x":0,"y":0,"w":150,"h":150},"sourceSize":{"w":150,"h":150}},"blitz_turm_v2_11.png":{"frame":{"x":150,"y":300,"w":150,"h":150},"rotated":false,"trimmed":false,"spriteSourceSize":{"x":0,"y":0,"w":150,"h":150},"sourceSize":{"w":150,"h":150}},"blitz_turm_v2_12.png":{"frame":{"x":300,"y":300,"w":150,"h":150},"rotated":false,"trimmed":false,"spriteSourceSize":{"x":0,"y":0,"w":150,"h":150},"sourceSize":{"w":150,"h":150}},"blitz_turm_v2_13.png":{"frame":{"x":450,"y":300,"w":150,"h":150},"rotated":false,"trimmed":false,"spriteSourceSize":{"x":0,"y":0,"w":150,"h":150},"sourceSize":{"w":150,"h":150}},"blitz_turm_v2_14.png":{"frame":{"x":600,"y":300,"w":150,"h":150},"rotated":false,"trimmed":false,"spriteSourceSize":{"x":0,"y":0,"w":150,"h":150},"sourceSize":{"w":150,"h":150}},"blitz_turm_v2_15.png":{"frame":{"x":0,"y":450,"w":150,"h":150},"rotated":false,"trimmed":false,"spriteSourceSize":{"x":0,"y":0,"w":150,"h":150},"sourceSize":{"w":150,"h":150}},"blitz_turm_v2_16.png":{"frame":{"x":150,"y":450,"w":150,"h":150},"rotated":false,"trimmed":false,"spriteSourceSize":{"x":0,"y":0,"w":150,"h":150},"sourceSize":{"w":150,"h":150}},"blitz_turm_v2_17.png":{"frame":{"x":300,"y":450,"w":150,"h":150},"rotated":false,"trimmed":false,"spriteSourceSize":{"x":0,"y":0,"w":150,"h":150},"sourceSize":{"w":150,"h":150}},"blitz_turm_v2_18.png":{"frame":{"x":450,"y":450,"w":150,"h":150},"rotated":false,"trimmed":false,"spriteSourceSize":{"x":0,"y":0,"w":150,"h":150},"sourceSize":{"w":150,"h":150}},"blitz_turm_v2_19.png":{"frame":{"x":600,"y":450,"w":150,"h":150},"rotated":false,"trimmed":false,"spriteSourceSize":{"x":0,"y":0,"w":150,"h":150},"sourceSize":{"w":150,"h":150}},"blitz_turm_v2_20.png":{"frame":{"x":0,"y":600,"w":150,"h":150},"rotated":false,"trimmed":false,"spriteSourceSize":{"x":0,"y":0,"w":150,"h":150},"sourceSize":{"w":150,"h":150}}},"meta":{"app":"https://github.com/piskelapp/piskel/","version":"1.0","image":"blitz_turm_v2_.png","format":"RGBA8888","size":{"w":750,"h":750}}}