{"frames":{"blitz_turm_v10.png":{"frame":{"x":0,"y":0,"w":150,"h":150},"rotated":false,"trimmed":false,"spriteSourceSize":{"x":0,"y":0,"w":150,"h":150},"sourceSize":{"w":150,"h":150}},"blitz_turm_v11.png":{"frame":{"x":150,"y":0,"w":150,"h":150},"rotated":false,"trimmed":false,"spriteSourceSize":{"x":0,"y":0,"w":150,"h":150},"sourceSize":{"w":150,"h":150}},"blitz_turm_v12.png":{"frame":{"x":300,"y":0,"w":150,"h":150},"rotated":false,"trimmed":false,"spriteSourceSize":{"x":0,"y":0,"w":150,"h":150},"sourceSize":{"w":150,"h":150}},"blitz_turm_v13.png":{"frame":{"x":0,"y":150,"w":150,"h":150},"rotated":false,"trimmed":false,"spriteSourceSize":{"x":0,"y":0,"w":150,"h":150},"sourceSize":{"w":150,"h":150}},"blitz_turm_v14.png":{"frame":{"x":150,"y":150,"w":150,"h":150},"rotated":false,"trimmed":false,"spriteSourceSize":{"x":0,"y":0,"w":150,"h":150},"sourceSize":{"w":150,"h":150}},"blitz_turm_v15.png":{"frame":{"x":300,"y":150,"w":150,"h":150},"rotated":false,"trimmed":false,"spriteSourceSize":{"x":0,"y":0,"w":150,"h":150},"sourceSize":{"w":150,"h":150}},"blitz_turm_v16.png":{"frame":{"x":0,"y":300,"w":150,"h":150},"rotated":false,"trimmed":false,"spriteSourceSize":{"x":0,"y":0,"w":150,"h":150},"sourceSize":{"w":150,"h":150}},"blitz_turm_v17.png":{"frame":{"x":150,"y":300,"w":150,"h":150},"rotated":false,"trimmed":false,"spriteSourceSize":{"x":0,"y":0,"w":150,"h":150},"sourceSize":{"w":150,"h":150}},"blitz_turm_v18.png":{"frame":{"x":300,"y":300,"w":150,"h":150},"rotated":false,"trimmed":false,"spriteSourceSize":{"x":0,"y":0,"w":150,"h":150},"sourceSize":{"w":150,"h":150}},"blitz_turm_v19.png":{"frame":{"x":0,"y":450,"w":150,"h":150},"rotated":false,"trimmed":false,"spriteSourceSize":{"x":0,"y":0,"w":150,"h":150},"sourceSize":{"w":150,"h":150}},"blitz_turm_v110.png":{"frame":{"x":150,"y":450,"w":150,"h":150},"rotated":false,"trimmed":false,"spriteSourceSize":{"x":0,"y":0,"w":150,"h":150},"sourceSize":{"w":150,"h":150}}},"meta":{"app":"https://github.com/piskelapp/piskel/","version":"1.0","image":"blitz_turm_v1.png","format":"RGBA8888","size":{"w":450,"h":600}}}