{"frames":{"Konfetti_Kanone0.png":{"frame":{"x":0,"y":0,"w":160,"h":160},"rotated":false,"trimmed":false,"spriteSourceSize":{"x":0,"y":0,"w":160,"h":160},"sourceSize":{"w":160,"h":160}},"Konfetti_Kanone1.png":{"frame":{"x":160,"y":0,"w":160,"h":160},"rotated":false,"trimmed":false,"spriteSourceSize":{"x":0,"y":0,"w":160,"h":160},"sourceSize":{"w":160,"h":160}},"Konfetti_Kanone2.png":{"frame":{"x":320,"y":0,"w":160,"h":160},"rotated":false,"trimmed":false,"spriteSourceSize":{"x":0,"y":0,"w":160,"h":160},"sourceSize":{"w":160,"h":160}},"Konfetti_Kanone3.png":{"frame":{"x":0,"y":160,"w":160,"h":160},"rotated":false,"trimmed":false,"spriteSourceSize":{"x":0,"y":0,"w":160,"h":160},"sourceSize":{"w":160,"h":160}},"Konfetti_Kanone4.png":{"frame":{"x":160,"y":160,"w":160,"h":160},"rotated":false,"trimmed":false,"spriteSourceSize":{"x":0,"y":0,"w":160,"h":160},"sourceSize":{"w":160,"h":160}},"Konfetti_Kanone5.png":{"frame":{"x":320,"y":160,"w":160,"h":160},"rotated":false,"trimmed":false,"spriteSourceSize":{"x":0,"y":0,"w":160,"h":160},"sourceSize":{"w":160,"h":160}},"Konfetti_Kanone6.png":{"frame":{"x":0,"y":320,"w":160,"h":160},"rotated":false,"trimmed":false,"spriteSourceSize":{"x":0,"y":0,"w":160,"h":160},"sourceSize":{"w":160,"h":160}},"Konfetti_Kanone7.png":{"frame":{"x":160,"y":320,"w":160,"h":160},"rotated":false,"trimmed":false,"spriteSourceSize":{"x":0,"y":0,"w":160,"h":160},"sourceSize":{"w":160,"h":160}},"Konfetti_Kanone8.png":{"frame":{"x":320,"y":320,"w":160,"h":160},"rotated":false,"trimmed":false,"spriteSourceSize":{"x":0,"y":0,"w":160,"h":160},"sourceSize":{"w":160,"h":160}},"Konfetti_Kanone9.png":{"frame":{"x":0,"y":480,"w":160,"h":160},"rotated":false,"trimmed":false,"spriteSourceSize":{"x":0,"y":0,"w":160,"h":160},"sourceSize":{"w":160,"h":160}}},"meta":{"app":"https://github.com/piskelapp/piskel/","version":"1.0","image":"Konfetti_Kanone.png","format":"RGBA8888","size":{"w":480,"h":640}}}