{"frames":{"Kofetti_Kanone_v2_idle0.png":{"frame":{"x":0,"y":0,"w":100,"h":100},"rotated":false,"trimmed":false,"spriteSourceSize":{"x":0,"y":0,"w":100,"h":100},"sourceSize":{"w":100,"h":100}},"Kofetti_Kanone_v2_idle1.png":{"frame":{"x":100,"y":0,"w":100,"h":100},"rotated":false,"trimmed":false,"spriteSourceSize":{"x":0,"y":0,"w":100,"h":100},"sourceSize":{"w":100,"h":100}},"Kofetti_Kanone_v2_idle2.png":{"frame":{"x":200,"y":0,"w":100,"h":100},"rotated":false,"trimmed":false,"spriteSourceSize":{"x":0,"y":0,"w":100,"h":100},"sourceSize":{"w":100,"h":100}},"Kofetti_Kanone_v2_idle3.png":{"frame":{"x":0,"y":100,"w":100,"h":100},"rotated":false,"trimmed":false,"spriteSourceSize":{"x":0,"y":0,"w":100,"h":100},"sourceSize":{"w":100,"h":100}},"Kofetti_Kanone_v2_idle4.png":{"frame":{"x":100,"y":100,"w":100,"h":100},"rotated":false,"trimmed":false,"spriteSourceSize":{"x":0,"y":0,"w":100,"h":100},"sourceSize":{"w":100,"h":100}},"Kofetti_Kanone_v2_idle5.png":{"frame":{"x":200,"y":100,"w":100,"h":100},"rotated":false,"trimmed":false,"spriteSourceSize":{"x":0,"y":0,"w":100,"h":100},"sourceSize":{"w":100,"h":100}},"Kofetti_Kanone_v2_idle6.png":{"frame":{"x":0,"y":200,"w":100,"h":100},"rotated":false,"trimmed":false,"spriteSourceSize":{"x":0,"y":0,"w":100,"h":100},"sourceSize":{"w":100,"h":100}},"Kofetti_Kanone_v2_idle7.png":{"frame":{"x":100,"y":200,"w":100,"h":100},"rotated":false,"trimmed":false,"spriteSourceSize":{"x":0,"y":0,"w":100,"h":100},"sourceSize":{"w":100,"h":100}},"Kofetti_Kanone_v2_idle8.png":{"frame":{"x":200,"y":200,"w":100,"h":100},"rotated":false,"trimmed":false,"spriteSourceSize":{"x":0,"y":0,"w":100,"h":100},"sourceSize":{"w":100,"h":100}},"Kofetti_Kanone_v2_idle9.png":{"frame":{"x":0,"y":300,"w":100,"h":100},"rotated":false,"trimmed":false,"spriteSourceSize":{"x":0,"y":0,"w":100,"h":100},"sourceSize":{"w":100,"h":100}},"Kofetti_Kanone_v2_idle10.png":{"frame":{"x":100,"y":300,"w":100,"h":100},"rotated":false,"trimmed":false,"spriteSourceSize":{"x":0,"y":0,"w":100,"h":100},"sourceSize":{"w":100,"h":100}}},"meta":{"app":"https://github.com/piskelapp/piskel/","version":"1.0","image":"Kofetti_Kanone_v2_idle.png","format":"RGBA8888","size":{"w":300,"h":400}}}