{"frames":{"New Piskel0.png":{"frame":{"x":0,"y":0,"w":150,"h":150},"rotated":false,"trimmed":false,"spriteSourceSize":{"x":0,"y":0,"w":150,"h":150},"sourceSize":{"w":150,"h":150}},"New Piskel1.png":{"frame":{"x":150,"y":0,"w":150,"h":150},"rotated":false,"trimmed":false,"spriteSourceSize":{"x":0,"y":0,"w":150,"h":150},"sourceSize":{"w":150,"h":150}},"New Piskel2.png":{"frame":{"x":0,"y":150,"w":150,"h":150},"rotated":false,"trimmed":false,"spriteSourceSize":{"x":0,"y":0,"w":150,"h":150},"sourceSize":{"w":150,"h":150}},"New Piskel3.png":{"frame":{"x":150,"y":150,"w":150,"h":150},"rotated":false,"trimmed":false,"spriteSourceSize":{"x":0,"y":0,"w":150,"h":150},"sourceSize":{"w":150,"h":150}},"New Piskel4.png":{"frame":{"x":0,"y":300,"w":150,"h":150},"rotated":false,"trimmed":false,"spriteSourceSize":{"x":0,"y":0,"w":150,"h":150},"sourceSize":{"w":150,"h":150}},"New Piskel5.png":{"frame":{"x":150,"y":300,"w":150,"h":150},"rotated":false,"trimmed":false,"spriteSourceSize":{"x":0,"y":0,"w":150,"h":150},"sourceSize":{"w":150,"h":150}}},"meta":{"app":"https://github.com/piskelapp/piskel/","version":"1.0","image":"New Piskel.png","format":"RGBA8888","size":{"w":300,"h":450}}}