{"frames":{"Kofetti_Kanone_v20.png":{"frame":{"x":0,"y":0,"w":150,"h":150},"rotated":false,"trimmed":false,"spriteSourceSize":{"x":0,"y":0,"w":150,"h":150},"sourceSize":{"w":150,"h":150}},"Kofetti_Kanone_v21.png":{"frame":{"x":150,"y":0,"w":150,"h":150},"rotated":false,"trimmed":false,"spriteSourceSize":{"x":0,"y":0,"w":150,"h":150},"sourceSize":{"w":150,"h":150}},"Kofetti_Kanone_v22.png":{"frame":{"x":300,"y":0,"w":150,"h":150},"rotated":false,"trimmed":false,"spriteSourceSize":{"x":0,"y":0,"w":150,"h":150},"sourceSize":{"w":150,"h":150}},"Kofetti_Kanone_v23.png":{"frame":{"x":450,"y":0,"w":150,"h":150},"rotated":false,"trimmed":false,"spriteSourceSize":{"x":0,"y":0,"w":150,"h":150},"sourceSize":{"w":150,"h":150}},"Kofetti_Kanone_v24.png":{"frame":{"x":600,"y":0,"w":150,"h":150},"rotated":false,"trimmed":false,"spriteSourceSize":{"x":0,"y":0,"w":150,"h":150},"sourceSize":{"w":150,"h":150}},"Kofetti_Kanone_v25.png":{"frame":{"x":750,"y":0,"w":150,"h":150},"rotated":false,"trimmed":false,"spriteSourceSize":{"x":0,"y":0,"w":150,"h":150},"sourceSize":{"w":150,"h":150}},"Kofetti_Kanone_v26.png":{"frame":{"x":0,"y":150,"w":150,"h":150},"rotated":false,"trimmed":false,"spriteSourceSize":{"x":0,"y":0,"w":150,"h":150},"sourceSize":{"w":150,"h":150}},"Kofetti_Kanone_v27.png":{"frame":{"x":150,"y":150,"w":150,"h":150},"rotated":false,"trimmed":false,"spriteSourceSize":{"x":0,"y":0,"w":150,"h":150},"sourceSize":{"w":150,"h":150}},"Kofetti_Kanone_v28.png":{"frame":{"x":300,"y":150,"w":150,"h":150},"rotated":false,"trimmed":false,"spriteSourceSize":{"x":0,"y":0,"w":150,"h":150},"sourceSize":{"w":150,"h":150}},"Kofetti_Kanone_v29.png":{"frame":{"x":450,"y":150,"w":150,"h":150},"rotated":false,"trimmed":false,"spriteSourceSize":{"x":0,"y":0,"w":150,"h":150},"sourceSize":{"w":150,"h":150}},"Kofetti_Kanone_v210.png":{"frame":{"x":600,"y":150,"w":150,"h":150},"rotated":false,"trimmed":false,"spriteSourceSize":{"x":0,"y":0,"w":150,"h":150},"sourceSize":{"w":150,"h":150}},"Kofetti_Kanone_v211.png":{"frame":{"x":750,"y":150,"w":150,"h":150},"rotated":false,"trimmed":false,"spriteSourceSize":{"x":0,"y":0,"w":150,"h":150},"sourceSize":{"w":150,"h":150}},"Kofetti_Kanone_v212.png":{"frame":{"x":0,"y":300,"w":150,"h":150},"rotated":false,"trimmed":false,"spriteSourceSize":{"x":0,"y":0,"w":150,"h":150},"sourceSize":{"w":150,"h":150}},"Kofetti_Kanone_v213.png":{"frame":{"x":150,"y":300,"w":150,"h":150},"rotated":false,"trimmed":false,"spriteSourceSize":{"x":0,"y":0,"w":150,"h":150},"sourceSize":{"w":150,"h":150}},"Kofetti_Kanone_v214.png":{"frame":{"x":300,"y":300,"w":150,"h":150},"rotated":false,"trimmed":false,"spriteSourceSize":{"x":0,"y":0,"w":150,"h":150},"sourceSize":{"w":150,"h":150}},"Kofetti_Kanone_v215.png":{"frame":{"x":450,"y":300,"w":150,"h":150},"rotated":false,"trimmed":false,"spriteSourceSize":{"x":0,"y":0,"w":150,"h":150},"sourceSize":{"w":150,"h":150}},"Kofetti_Kanone_v216.png":{"frame":{"x":600,"y":300,"w":150,"h":150},"rotated":false,"trimmed":false,"spriteSourceSize":{"x":0,"y":0,"w":150,"h":150},"sourceSize":{"w":150,"h":150}},"Kofetti_Kanone_v217.png":{"frame":{"x":750,"y":300,"w":150,"h":150},"rotated":false,"trimmed":false,"spriteSourceSize":{"x":0,"y":0,"w":150,"h":150},"sourceSize":{"w":150,"h":150}},"Kofetti_Kanone_v218.png":{"frame":{"x":0,"y":450,"w":150,"h":150},"rotated":false,"trimmed":false,"spriteSourceSize":{"x":0,"y":0,"w":150,"h":150},"sourceSize":{"w":150,"h":150}},"Kofetti_Kanone_v219.png":{"frame":{"x":150,"y":450,"w":150,"h":150},"rotated":false,"trimmed":false,"spriteSourceSize":{"x":0,"y":0,"w":150,"h":150},"sourceSize":{"w":150,"h":150}},"Kofetti_Kanone_v220.png":{"frame":{"x":300,"y":450,"w":150,"h":150},"rotated":false,"trimmed":false,"spriteSourceSize":{"x":0,"y":0,"w":150,"h":150},"sourceSize":{"w":150,"h":150}},"Kofetti_Kanone_v221.png":{"frame":{"x":450,"y":450,"w":150,"h":150},"rotated":false,"trimmed":false,"spriteSourceSize":{"x":0,"y":0,"w":150,"h":150},"sourceSize":{"w":150,"h":150}},"Kofetti_Kanone_v222.png":{"frame":{"x":600,"y":450,"w":150,"h":150},"rotated":false,"trimmed":false,"spriteSourceSize":{"x":0,"y":0,"w":150,"h":150},"sourceSize":{"w":150,"h":150}},"Kofetti_Kanone_v223.png":{"frame":{"x":750,"y":450,"w":150,"h":150},"rotated":false,"trimmed":false,"spriteSourceSize":{"x":0,"y":0,"w":150,"h":150},"sourceSize":{"w":150,"h":150}},"Kofetti_Kanone_v224.png":{"frame":{"x":0,"y":600,"w":150,"h":150},"rotated":false,"trimmed":false,"spriteSourceSize":{"x":0,"y":0,"w":150,"h":150},"sourceSize":{"w":150,"h":150}},"Kofetti_Kanone_v225.png":{"frame":{"x":150,"y":600,"w":150,"h":150},"rotated":false,"trimmed":false,"spriteSourceSize":{"x":0,"y":0,"w":150,"h":150},"sourceSize":{"w":150,"h":150}},"Kofetti_Kanone_v226.png":{"frame":{"x":300,"y":600,"w":150,"h":150},"rotated":false,"trimmed":false,"spriteSourceSize":{"x":0,"y":0,"w":150,"h":150},"sourceSize":{"w":150,"h":150}},"Kofetti_Kanone_v227.png":{"frame":{"x":450,"y":600,"w":150,"h":150},"rotated":false,"trimmed":false,"spriteSourceSize":{"x":0,"y":0,"w":150,"h":150},"sourceSize":{"w":150,"h":150}},"Kofetti_Kanone_v228.png":{"frame":{"x":600,"y":600,"w":150,"h":150},"rotated":false,"trimmed":false,"spriteSourceSize":{"x":0,"y":0,"w":150,"h":150},"sourceSize":{"w":150,"h":150}},"Kofetti_Kanone_v229.png":{"frame":{"x":750,"y":600,"w":150,"h":150},"rotated":false,"trimmed":false,"spriteSourceSize":{"x":0,"y":0,"w":150,"h":150},"sourceSize":{"w":150,"h":150}},"Kofetti_Kanone_v230.png":{"frame":{"x":0,"y":750,"w":150,"h":150},"rotated":false,"trimmed":false,"spriteSourceSize":{"x":0,"y":0,"w":150,"h":150},"sourceSize":{"w":150,"h":150}},"Kofetti_Kanone_v231.png":{"frame":{"x":150,"y":750,"w":150,"h":150},"rotated":false,"trimmed":false,"spriteSourceSize":{"x":0,"y":0,"w":150,"h":150},"sourceSize":{"w":150,"h":150}},"Kofetti_Kanone_v232.png":{"frame":{"x":300,"y":750,"w":150,"h":150},"rotated":false,"trimmed":false,"spriteSourceSize":{"x":0,"y":0,"w":150,"h":150},"sourceSize":{"w":150,"h":150}},"Kofetti_Kanone_v233.png":{"frame":{"x":450,"y":750,"w":150,"h":150},"rotated":false,"trimmed":false,"spriteSourceSize":{"x":0,"y":0,"w":150,"h":150},"sourceSize":{"w":150,"h":150}},"Kofetti_Kanone_v234.png":{"frame":{"x":600,"y":750,"w":150,"h":150},"rotated":false,"trimmed":false,"spriteSourceSize":{"x":0,"y":0,"w":150,"h":150},"sourceSize":{"w":150,"h":150}},"Kofetti_Kanone_v235.png":{"frame":{"x":750,"y":750,"w":150,"h":150},"rotated":false,"trimmed":false,"spriteSourceSize":{"x":0,"y":0,"w":150,"h":150},"sourceSize":{"w":150,"h":150}},"Kofetti_Kanone_v236.png":{"frame":{"x":0,"y":900,"w":150,"h":150},"rotated":false,"trimmed":false,"spriteSourceSize":{"x":0,"y":0,"w":150,"h":150},"sourceSize":{"w":150,"h":150}},"Kofetti_Kanone_v237.png":{"frame":{"x":150,"y":900,"w":150,"h":150},"rotated":false,"trimmed":false,"spriteSourceSize":{"x":0,"y":0,"w":150,"h":150},"sourceSize":{"w":150,"h":150}},"Kofetti_Kanone_v238.png":{"frame":{"x":300,"y":900,"w":150,"h":150},"rotated":false,"trimmed":false,"spriteSourceSize":{"x":0,"y":0,"w":150,"h":150},"sourceSize":{"w":150,"h":150}},"Kofetti_Kanone_v239.png":{"frame":{"x":450,"y":900,"w":150,"h":150},"rotated":false,"trimmed":false,"spriteSourceSize":{"x":0,"y":0,"w":150,"h":150},"sourceSize":{"w":150,"h":150}},"Kofetti_Kanone_v240.png":{"frame":{"x":600,"y":900,"w":150,"h":150},"rotated":false,"trimmed":false,"spriteSourceSize":{"x":0,"y":0,"w":150,"h":150},"sourceSize":{"w":150,"h":150}},"Kofetti_Kanone_v241.png":{"frame":{"x":750,"y":900,"w":150,"h":150},"rotated":false,"trimmed":false,"spriteSourceSize":{"x":0,"y":0,"w":150,"h":150},"sourceSize":{"w":150,"h":150}}},"meta":{"app":"https://github.com/piskelapp/piskel/","version":"1.0","image":"Kofetti_Kanone_v2.png","format":"RGBA8888","size":{"w":900,"h":1050}}}