{"frames":{"single_shot_v2_projectile0.png":{"frame":{"x":0,"y":0,"w":100,"h":100},"rotated":false,"trimmed":false,"spriteSourceSize":{"x":0,"y":0,"w":100,"h":100},"sourceSize":{"w":100,"h":100}},"single_shot_v2_projectile1.png":{"frame":{"x":100,"y":0,"w":100,"h":100},"rotated":false,"trimmed":false,"spriteSourceSize":{"x":0,"y":0,"w":100,"h":100},"sourceSize":{"w":100,"h":100}},"single_shot_v2_projectile2.png":{"frame":{"x":0,"y":100,"w":100,"h":100},"rotated":false,"trimmed":false,"spriteSourceSize":{"x":0,"y":0,"w":100,"h":100},"sourceSize":{"w":100,"h":100}},"single_shot_v2_projectile3.png":{"frame":{"x":100,"y":100,"w":100,"h":100},"rotated":false,"trimmed":false,"spriteSourceSize":{"x":0,"y":0,"w":100,"h":100},"sourceSize":{"w":100,"h":100}}},"meta":{"app":"https://github.com/piskelapp/piskel/","version":"1.0","image":"single_shot_v2_projectile.png","format":"RGBA8888","size":{"w":200,"h":200}}}