{"frames":{"Singel_shot_v10.png":{"frame":{"x":0,"y":0,"w":200,"h":200},"rotated":false,"trimmed":false,"spriteSourceSize":{"x":0,"y":0,"w":200,"h":200},"sourceSize":{"w":200,"h":200}},"Singel_shot_v11.png":{"frame":{"x":200,"y":0,"w":200,"h":200},"rotated":false,"trimmed":false,"spriteSourceSize":{"x":0,"y":0,"w":200,"h":200},"sourceSize":{"w":200,"h":200}},"Singel_shot_v12.png":{"frame":{"x":0,"y":200,"w":200,"h":200},"rotated":false,"trimmed":false,"spriteSourceSize":{"x":0,"y":0,"w":200,"h":200},"sourceSize":{"w":200,"h":200}},"Singel_shot_v13.png":{"frame":{"x":200,"y":200,"w":200,"h":200},"rotated":false,"trimmed":false,"spriteSourceSize":{"x":0,"y":0,"w":200,"h":200},"sourceSize":{"w":200,"h":200}},"Singel_shot_v14.png":{"frame":{"x":0,"y":400,"w":200,"h":200},"rotated":false,"trimmed":false,"spriteSourceSize":{"x":0,"y":0,"w":200,"h":200},"sourceSize":{"w":200,"h":200}}},"meta":{"app":"https://github.com/piskelapp/piskel/","version":"1.0","image":"Singel_shot_v1.png","format":"RGBA8888","size":{"w":400,"h":600}}}