{"frames":{"blitz_turm_v2_idle0.png":{"frame":{"x":0,"y":0,"w":150,"h":150},"rotated":false,"trimmed":false,"spriteSourceSize":{"x":0,"y":0,"w":150,"h":150},"sourceSize":{"w":150,"h":150}},"blitz_turm_v2_idle1.png":{"frame":{"x":150,"y":0,"w":150,"h":150},"rotated":false,"trimmed":false,"spriteSourceSize":{"x":0,"y":0,"w":150,"h":150},"sourceSize":{"w":150,"h":150}},"blitz_turm_v2_idle2.png":{"frame":{"x":300,"y":0,"w":150,"h":150},"rotated":false,"trimmed":false,"spriteSourceSize":{"x":0,"y":0,"w":150,"h":150},"sourceSize":{"w":150,"h":150}},"blitz_turm_v2_idle3.png":{"frame":{"x":0,"y":150,"w":150,"h":150},"rotated":false,"trimmed":false,"spriteSourceSize":{"x":0,"y":0,"w":150,"h":150},"sourceSize":{"w":150,"h":150}},"blitz_turm_v2_idle4.png":{"frame":{"x":150,"y":150,"w":150,"h":150},"rotated":false,"trimmed":false,"spriteSourceSize":{"x":0,"y":0,"w":150,"h":150},"sourceSize":{"w":150,"h":150}},"blitz_turm_v2_idle5.png":{"frame":{"x":300,"y":150,"w":150,"h":150},"rotated":false,"trimmed":false,"spriteSourceSize":{"x":0,"y":0,"w":150,"h":150},"sourceSize":{"w":150,"h":150}},"blitz_turm_v2_idle6.png":{"frame":{"x":0,"y":300,"w":150,"h":150},"rotated":false,"trimmed":false,"spriteSourceSize":{"x":0,"y":0,"w":150,"h":150},"sourceSize":{"w":150,"h":150}},"blitz_turm_v2_idle7.png":{"frame":{"x":150,"y":300,"w":150,"h":150},"rotated":false,"trimmed":false,"spriteSourceSize":{"x":0,"y":0,"w":150,"h":150},"sourceSize":{"w":150,"h":150}}},"meta":{"app":"https://github.com/piskelapp/piskel/","version":"1.0","image":"blitz_turm_v2_idle.png","format":"RGBA8888","size":{"w":450,"h":450}}}